iter	Logloss
0	0.3563037176
1	0.1755167065
2	0.0862316208
3	0.04579993534
4	0.02448521796
5	0.01330641921
6	0.007371698736
7	0.004670141814
8	0.003005962485
9	0.002090380073
10	0.001590516854
11	0.00111489935
12	0.000855684542
13	0.0006952024751
14	0.000570244682
15	0.0004773597028
16	0.0004130514398
17	0.0003591253444
18	0.0003151502582
19	0.0002793793146
20	0.000255279036
21	0.0002494327679
22	0.0002282043248
23	0.000200110513
24	0.0001874202903
25	0.0001698924891
26	0.0001538373035
27	0.0001337329657
28	0.0001221704647
29	0.00011215271
30	0.0001050408148
31	0.0001003838934
32	0.0001003838934
33	8.857026862e-05
34	8.36291736e-05
35	7.579193248e-05
36	7.579193248e-05
37	7.579193248e-05
38	7.453095205e-05
39	6.977285975e-05
40	6.761808669e-05
41	6.285733937e-05
42	6.284544571e-05
43	5.810708788e-05
44	5.483867201e-05
45	5.484176446e-05
46	5.484176446e-05
47	5.484176446e-05
48	5.484176446e-05
49	5.484176446e-05
50	5.484176446e-05
51	5.484176446e-05
52	5.484176446e-05
53	5.484176446e-05
54	5.484176446e-05
55	5.483339388e-05
56	5.483339388e-05
57	5.483339388e-05
58	5.482289474e-05
59	5.482289474e-05
60	5.482289474e-05
61	5.482289474e-05
62	5.482944244e-05
63	5.482944244e-05
64	5.483053444e-05
65	5.228012695e-05
66	5.228012695e-05
67	4.928970075e-05
68	4.828047329e-05
69	4.826258425e-05
70	4.827332738e-05
71	4.826451687e-05
72	4.557608264e-05
73	4.557608264e-05
74	4.557608264e-05
75	4.557608264e-05
76	4.55663281e-05
77	4.556833387e-05
78	4.556768246e-05
79	4.556663302e-05
80	4.557094551e-05
81	4.557094551e-05
82	4.557094551e-05
83	4.557094551e-05
84	4.556502993e-05
85	4.556502993e-05
86	4.556502993e-05
87	4.556517125e-05
88	4.556517125e-05
89	4.556275481e-05
90	4.556275481e-05
91	4.556001882e-05
92	4.556001882e-05
93	4.555847285e-05
94	4.555847285e-05
95	4.555847285e-05
96	4.55609119e-05
97	4.55609119e-05
98	4.55609119e-05
99	4.55609119e-05
100	4.55609119e-05
101	4.555772201e-05
102	4.555772201e-05
103	4.555772201e-05
104	4.555551373e-05
105	4.555236249e-05
106	4.555287424e-05
107	4.555420766e-05
108	4.555420766e-05
109	4.555420766e-05
110	4.555420766e-05
111	4.555114213e-05
112	4.554461313e-05
113	4.554376221e-05
114	4.554612411e-05
115	4.5542888e-05
116	4.55430812e-05
117	4.55430812e-05
118	4.553792012e-05
119	4.553792012e-05
120	4.553792012e-05
121	4.553792012e-05
122	4.553792012e-05
123	4.553792012e-05
124	4.553464976e-05
125	4.553464976e-05
126	4.55362206e-05
127	4.55362206e-05
128	4.55348901e-05
129	4.553015905e-05
130	4.553068868e-05
131	4.553052341e-05
132	4.553052341e-05
133	4.55270429e-05
134	4.55270429e-05
135	4.553017925e-05
136	4.553017925e-05
137	4.553017925e-05
138	4.55281083e-05
139	4.55281083e-05
140	4.553003095e-05
141	4.553003095e-05
142	4.552525818e-05
143	4.552611376e-05
144	4.551969933e-05
145	4.551287863e-05
146	4.551750468e-05
147	4.551750468e-05
148	4.551686283e-05
149	4.551713251e-05
150	4.551713251e-05
151	4.551713251e-05
152	4.551713251e-05
153	4.551171971e-05
154	4.551225374e-05
155	4.551083586e-05
156	4.551083586e-05
157	4.551052429e-05
158	4.550428052e-05
159	4.550673719e-05
160	4.550520393e-05
161	4.550520393e-05
162	4.550374615e-05
163	4.55003767e-05
164	4.550057722e-05
165	4.550023572e-05
166	4.550023572e-05
167	4.550017254e-05
168	4.550017254e-05
169	4.549794331e-05
170	4.549794331e-05
171	4.549574566e-05
172	4.549574566e-05
173	4.549574566e-05
174	4.549556078e-05
175	4.549556078e-05
176	4.549111304e-05
177	4.549111304e-05
178	4.549060154e-05
179	4.548986667e-05
180	4.548720217e-05
181	4.548720217e-05
182	4.548720217e-05
183	4.548720217e-05
184	4.548410605e-05
185	4.548410605e-05
186	4.548280489e-05
187	4.548280489e-05
188	4.547974543e-05
189	4.547980262e-05
190	4.547980262e-05
191	4.547715947e-05
192	4.54743184e-05
193	4.546940272e-05
194	4.546917934e-05
195	4.546319461e-05
196	4.546033432e-05
197	4.545914763e-05
198	4.545715083e-05
199	4.545396327e-05
200	4.545186638e-05
201	4.545186638e-05
202	4.545186638e-05
203	4.545186638e-05
204	4.545186638e-05
205	4.545186638e-05
206	4.545186638e-05
207	4.545186638e-05
208	4.545186638e-05
209	4.545186638e-05
210	4.545186638e-05
211	4.545186638e-05
212	4.545186638e-05
213	4.545186638e-05
214	4.545186638e-05
215	4.545186638e-05
216	4.545186638e-05
217	4.545186638e-05
218	4.545186638e-05
219	4.545186638e-05
220	4.545186638e-05
221	4.545186638e-05
222	4.545186638e-05
223	4.545186638e-05
224	4.545186638e-05
225	4.545186638e-05
226	4.545186638e-05
227	4.545186638e-05
228	4.545186638e-05
229	4.545186638e-05
230	4.545186638e-05
231	4.545186638e-05
232	4.545186638e-05
233	4.545186638e-05
234	4.545186638e-05
235	4.545186638e-05
236	4.545186638e-05
237	4.545186638e-05
238	4.545186638e-05
239	4.545186638e-05
240	4.545186638e-05
241	4.545186638e-05
242	4.545186638e-05
243	4.545186638e-05
244	4.545186638e-05
245	4.545186638e-05
246	4.545186638e-05
247	4.545186638e-05
248	4.545186638e-05
249	4.545186638e-05
250	4.545186638e-05
251	4.545186638e-05
252	4.545186638e-05
253	4.545186638e-05
254	4.545186638e-05
255	4.545186638e-05
256	4.545186638e-05
257	4.545186638e-05
258	4.545186638e-05
259	4.545186638e-05
260	4.545186638e-05
261	4.545186638e-05
262	4.545186638e-05
263	4.545186638e-05
264	4.545186638e-05
265	4.545186638e-05
266	4.545186638e-05
267	4.545186638e-05
268	4.545186638e-05
269	4.545186638e-05
270	4.545186638e-05
271	4.545186638e-05
272	4.545186638e-05
273	4.545186638e-05
274	4.545186638e-05
275	4.545186638e-05
276	4.545186638e-05
277	4.545186638e-05
278	4.545186638e-05
279	4.545186638e-05
280	4.545186638e-05
281	4.545186638e-05
282	4.545186638e-05
283	4.545186638e-05
284	4.545186638e-05
285	4.545186638e-05
286	4.545186638e-05
287	4.545186638e-05
288	4.545186638e-05
289	4.545186638e-05
290	4.545186638e-05
291	4.545186638e-05
292	4.545186638e-05
293	4.545186638e-05
294	4.545186638e-05
295	4.545186638e-05
296	4.545186638e-05
297	4.545186638e-05
298	4.545186638e-05
299	4.545186638e-05
300	4.545186638e-05
301	4.545186638e-05
302	4.545186638e-05
303	4.545186638e-05
304	4.545186638e-05
305	4.545186638e-05
306	4.545186638e-05
307	4.545186638e-05
308	4.545186638e-05
309	4.545186638e-05
310	4.545186638e-05
311	4.545186638e-05
312	4.545186638e-05
313	4.545186638e-05
314	4.545186638e-05
315	4.545186638e-05
316	4.545186638e-05
317	4.545186638e-05
318	4.545186638e-05
319	4.545186638e-05
320	4.545186638e-05
321	4.545186638e-05
322	4.545186638e-05
323	4.545186638e-05
324	4.545186638e-05
325	4.545186638e-05
326	4.545186638e-05
327	4.545186638e-05
328	4.545186638e-05
329	4.545186638e-05
330	4.545186638e-05
331	4.545186638e-05
332	4.545186638e-05
333	4.545186638e-05
334	4.545186638e-05
335	4.545186638e-05
336	4.545186638e-05
337	4.545186638e-05
338	4.545186638e-05
339	4.545186638e-05
340	4.545186638e-05
341	4.545186638e-05
342	4.545186638e-05
343	4.545186638e-05
344	4.545186638e-05
345	4.545186638e-05
346	4.545186638e-05
347	4.545186638e-05
348	4.545186638e-05
349	4.545186638e-05
350	4.545186638e-05
351	4.545186638e-05
352	4.545186638e-05
353	4.545186638e-05
354	4.545186638e-05
355	4.545186638e-05
356	4.545186638e-05
357	4.545186638e-05
358	4.545186638e-05
359	4.545186638e-05
360	4.545186638e-05
361	4.545186638e-05
362	4.545186638e-05
363	4.545186638e-05
364	4.545186638e-05
365	4.545186638e-05
366	4.545186638e-05
367	4.545186638e-05
368	4.545186638e-05
369	4.545186638e-05
370	4.545186638e-05
371	4.545186638e-05
372	4.545186638e-05
373	4.545186638e-05
374	4.545186638e-05
375	4.545186638e-05
376	4.545186638e-05
377	4.545186638e-05
378	4.545186638e-05
379	4.545186638e-05
380	4.545186638e-05
381	4.545186638e-05
382	4.545186638e-05
383	4.545186638e-05
384	4.545186638e-05
385	4.545186638e-05
386	4.545186638e-05
387	4.545186638e-05
388	4.545186638e-05
389	4.545186638e-05
390	4.545186638e-05
391	4.545186638e-05
392	4.545186638e-05
393	4.545186638e-05
394	4.545186638e-05
395	4.545186638e-05
396	4.545186638e-05
397	4.545186638e-05
398	4.545186638e-05
399	4.545186638e-05
400	4.545186638e-05
401	4.545186638e-05
402	4.545186638e-05
403	4.545186638e-05
404	4.545186638e-05
405	4.545186638e-05
406	4.545186638e-05
407	4.545186638e-05
408	4.545186638e-05
409	4.545186638e-05
410	4.545186638e-05
411	4.545186638e-05
412	4.545186638e-05
413	4.545186638e-05
414	4.545186638e-05
415	4.545186638e-05
416	4.545186638e-05
417	4.545186638e-05
418	4.545186638e-05
419	4.545186638e-05
420	4.545186638e-05
421	4.545186638e-05
422	4.545186638e-05
423	4.545186638e-05
424	4.545186638e-05
425	4.545186638e-05
426	4.545186638e-05
427	4.545186638e-05
428	4.545186638e-05
429	4.545186638e-05
430	4.545186638e-05
431	4.545186638e-05
432	4.545186638e-05
433	4.545186638e-05
434	4.545186638e-05
435	4.545186638e-05
436	4.545186638e-05
437	4.545186638e-05
438	4.545186638e-05
439	4.545186638e-05
440	4.545186638e-05
441	4.545186638e-05
442	4.545186638e-05
443	4.545186638e-05
444	4.545186638e-05
445	4.545186638e-05
446	4.545186638e-05
447	4.545186638e-05
448	4.545186638e-05
449	4.545186638e-05
450	4.545186638e-05
451	4.545186638e-05
452	4.545186638e-05
453	4.545186638e-05
454	4.545186638e-05
455	4.545186638e-05
456	4.545186638e-05
457	4.545186638e-05
458	4.545186638e-05
459	4.545186638e-05
460	4.545186638e-05
461	4.545186638e-05
462	4.545186638e-05
463	4.545186638e-05
464	4.545186638e-05
465	4.545186638e-05
466	4.545186638e-05
467	4.545186638e-05
468	4.545186638e-05
469	4.545186638e-05
470	4.545186638e-05
471	4.545186638e-05
472	4.545186638e-05
473	4.545186638e-05
474	4.545186638e-05
475	4.545186638e-05
476	4.545186638e-05
477	4.545186638e-05
478	4.545186638e-05
479	4.545186638e-05
480	4.545186638e-05
481	4.545186638e-05
482	4.545186638e-05
483	4.545186638e-05
484	4.545186638e-05
485	4.545186638e-05
486	4.545186638e-05
487	4.545186638e-05
488	4.545186638e-05
489	4.545186638e-05
490	4.545186638e-05
491	4.545186638e-05
492	4.545186638e-05
493	4.545186638e-05
494	4.545186638e-05
495	4.545186638e-05
496	4.545186638e-05
497	4.545186638e-05
498	4.545186638e-05
499	4.545186638e-05
500	4.545186638e-05
501	4.545186638e-05
502	4.545186638e-05
503	4.545186638e-05
504	4.545186638e-05
505	4.545186638e-05
506	4.545186638e-05
507	4.545186638e-05
508	4.545186638e-05
509	4.545186638e-05
510	4.545186638e-05
511	4.545186638e-05
512	4.545186638e-05
513	4.545186638e-05
514	4.545186638e-05
515	4.545186638e-05
516	4.545186638e-05
517	4.545186638e-05
518	4.545186638e-05
519	4.545186638e-05
520	4.545186638e-05
521	4.545186638e-05
522	4.545186638e-05
523	4.545186638e-05
524	4.545186638e-05
525	4.545186638e-05
526	4.545186638e-05
527	4.545186638e-05
528	4.545186638e-05
529	4.545186638e-05
530	4.545186638e-05
531	4.545186638e-05
532	4.545186638e-05
533	4.545186638e-05
534	4.545186638e-05
535	4.545186638e-05
536	4.545186638e-05
537	4.545186638e-05
538	4.545186638e-05
539	4.545186638e-05
540	4.545186638e-05
541	4.545186638e-05
542	4.545186638e-05
543	4.545186638e-05
544	4.545186638e-05
545	4.545186638e-05
546	4.545186638e-05
547	4.545186638e-05
548	4.545186638e-05
549	4.545186638e-05
550	4.545186638e-05
551	4.545186638e-05
552	4.545186638e-05
553	4.545186638e-05
554	4.545186638e-05
555	4.545186638e-05
556	4.545186638e-05
557	4.545186638e-05
558	4.545186638e-05
559	4.545186638e-05
560	4.545186638e-05
561	4.545186638e-05
562	4.545186638e-05
563	4.545186638e-05
564	4.545186638e-05
565	4.545186638e-05
566	4.545186638e-05
567	4.545186638e-05
568	4.545186638e-05
569	4.545186638e-05
570	4.545186638e-05
571	4.545186638e-05
572	4.545186638e-05
573	4.545186638e-05
574	4.545186638e-05
575	4.545186638e-05
576	4.545186638e-05
577	4.545186638e-05
578	4.545186638e-05
579	4.545186638e-05
580	4.545186638e-05
581	4.545186638e-05
582	4.545186638e-05
583	4.545186638e-05
584	4.545186638e-05
585	4.545186638e-05
586	4.545186638e-05
587	4.545186638e-05
588	4.545186638e-05
589	4.545186638e-05
590	4.545186638e-05
591	4.545186638e-05
592	4.545186638e-05
593	4.545186638e-05
594	4.545186638e-05
595	4.545186638e-05
596	4.545186638e-05
597	4.545186638e-05
598	4.545186638e-05
599	4.545186638e-05
600	4.545186638e-05
601	4.545186638e-05
602	4.545186638e-05
603	4.545186638e-05
604	4.545186638e-05
605	4.545186638e-05
606	4.545186638e-05
607	4.545186638e-05
608	4.545186638e-05
609	4.545186638e-05
610	4.545186638e-05
611	4.545186638e-05
612	4.545186638e-05
613	4.545186638e-05
614	4.545186638e-05
615	4.545186638e-05
616	4.545186638e-05
617	4.545186638e-05
618	4.545186638e-05
619	4.545186638e-05
620	4.545186638e-05
621	4.545186638e-05
622	4.545186638e-05
623	4.545186638e-05
624	4.545186638e-05
625	4.545186638e-05
626	4.545186638e-05
627	4.545186638e-05
628	4.545186638e-05
629	4.545186638e-05
630	4.545186638e-05
631	4.545186638e-05
632	4.545186638e-05
633	4.545186638e-05
634	4.545186638e-05
635	4.545186638e-05
636	4.545186638e-05
637	4.545186638e-05
638	4.545186638e-05
639	4.545186638e-05
640	4.545186638e-05
641	4.545186638e-05
642	4.545186638e-05
643	4.545186638e-05
644	4.545186638e-05
645	4.545186638e-05
646	4.545186638e-05
647	4.545186638e-05
648	4.545186638e-05
649	4.545186638e-05
650	4.545186638e-05
651	4.545186638e-05
652	4.545186638e-05
653	4.545186638e-05
654	4.545186638e-05
655	4.545186638e-05
656	4.545186638e-05
657	4.545186638e-05
658	4.545186638e-05
659	4.545186638e-05
660	4.545186638e-05
661	4.545186638e-05
662	4.545186638e-05
663	4.545186638e-05
664	4.545186638e-05
665	4.545186638e-05
666	4.545186638e-05
667	4.545186638e-05
668	4.545186638e-05
669	4.545186638e-05
670	4.545186638e-05
671	4.545186638e-05
672	4.545186638e-05
673	4.545186638e-05
674	4.545186638e-05
675	4.545186638e-05
676	4.545186638e-05
677	4.545186638e-05
678	4.545186638e-05
679	4.545186638e-05
680	4.545186638e-05
681	4.545186638e-05
682	4.545186638e-05
683	4.545186638e-05
684	4.545186638e-05
685	4.545186638e-05
686	4.545186638e-05
687	4.545186638e-05
688	4.545186638e-05
689	4.545186638e-05
690	4.545186638e-05
691	4.545186638e-05
692	4.545186638e-05
693	4.545186638e-05
694	4.545186638e-05
695	4.545186638e-05
696	4.545186638e-05
697	4.545186638e-05
698	4.545186638e-05
699	4.545186638e-05
700	4.545186638e-05
701	4.545186638e-05
702	4.545186638e-05
703	4.545186638e-05
704	4.545186638e-05
705	4.545186638e-05
706	4.545186638e-05
707	4.545186638e-05
708	4.545186638e-05
709	4.545186638e-05
710	4.545186638e-05
711	4.545186638e-05
712	4.545186638e-05
713	4.545186638e-05
714	4.545186638e-05
715	4.545186638e-05
716	4.545186638e-05
717	4.545186638e-05
718	4.545186638e-05
719	4.545186638e-05
720	4.545186638e-05
721	4.545186638e-05
722	4.545186638e-05
723	4.545186638e-05
724	4.545186638e-05
725	4.545186638e-05
726	4.545186638e-05
727	4.545186638e-05
728	4.545186638e-05
729	4.545186638e-05
730	4.545186638e-05
731	4.545186638e-05
732	4.545186638e-05
733	4.545186638e-05
734	4.545186638e-05
735	4.545186638e-05
736	4.545186638e-05
737	4.545186638e-05
738	4.545186638e-05
739	4.545186638e-05
740	4.545186638e-05
741	4.545186638e-05
742	4.545186638e-05
743	4.545186638e-05
744	4.545186638e-05
745	4.545186638e-05
746	4.545186638e-05
747	4.545186638e-05
748	4.545186638e-05
749	4.545186638e-05
750	4.545186638e-05
751	4.545186638e-05
752	4.545186638e-05
753	4.545186638e-05
754	4.545186638e-05
755	4.545186638e-05
756	4.545186638e-05
757	4.545186638e-05
758	4.545186638e-05
759	4.545186638e-05
760	4.545186638e-05
761	4.545186638e-05
762	4.545186638e-05
763	4.545186638e-05
764	4.545186638e-05
765	4.545186638e-05
766	4.545186638e-05
767	4.545186638e-05
768	4.545186638e-05
769	4.545186638e-05
770	4.545186638e-05
771	4.545186638e-05
772	4.545186638e-05
773	4.545186638e-05
774	4.545186638e-05
775	4.545186638e-05
776	4.545186638e-05
777	4.545186638e-05
778	4.545186638e-05
779	4.545186638e-05
780	4.545186638e-05
781	4.545186638e-05
782	4.545186638e-05
783	4.545186638e-05
784	4.545186638e-05
785	4.545186638e-05
786	4.545186638e-05
787	4.545186638e-05
788	4.545186638e-05
789	4.545186638e-05
790	4.545186638e-05
791	4.545186638e-05
792	4.545186638e-05
793	4.545186638e-05
794	4.545186638e-05
795	4.545186638e-05
796	4.545186638e-05
797	4.545186638e-05
798	4.545186638e-05
799	4.545186638e-05
800	4.545186638e-05
801	4.545186638e-05
802	4.545186638e-05
803	4.545186638e-05
804	4.545186638e-05
805	4.545186638e-05
806	4.545186638e-05
807	4.545186638e-05
808	4.545186638e-05
809	4.545186638e-05
810	4.545186638e-05
811	4.545186638e-05
812	4.545186638e-05
813	4.545186638e-05
814	4.545186638e-05
815	4.545186638e-05
816	4.545186638e-05
817	4.545186638e-05
818	4.545186638e-05
819	4.545186638e-05
820	4.545186638e-05
821	4.545186638e-05
822	4.545186638e-05
823	4.545186638e-05
824	4.545186638e-05
825	4.545186638e-05
826	4.545186638e-05
827	4.545186638e-05
828	4.545186638e-05
829	4.545186638e-05
830	4.545186638e-05
831	4.545186638e-05
832	4.545186638e-05
833	4.545186638e-05
834	4.545186638e-05
835	4.545186638e-05
836	4.545186638e-05
837	4.545186638e-05
838	4.545186638e-05
839	4.545186638e-05
840	4.545186638e-05
841	4.545186638e-05
842	4.545186638e-05
843	4.545186638e-05
844	4.545186638e-05
845	4.545186638e-05
846	4.545186638e-05
847	4.545186638e-05
848	4.545186638e-05
849	4.545186638e-05
850	4.545186638e-05
851	4.545186638e-05
852	4.545186638e-05
853	4.545186638e-05
854	4.545186638e-05
855	4.545186638e-05
856	4.545186638e-05
857	4.545186638e-05
858	4.545186638e-05
859	4.545186638e-05
860	4.545186638e-05
861	4.545186638e-05
862	4.545186638e-05
863	4.545186638e-05
864	4.545186638e-05
865	4.545186638e-05
866	4.545186638e-05
867	4.545186638e-05
868	4.545186638e-05
869	4.545186638e-05
870	4.545186638e-05
871	4.545186638e-05
872	4.545186638e-05
873	4.545186638e-05
874	4.545186638e-05
875	4.545186638e-05
876	4.545186638e-05
877	4.545186638e-05
878	4.545186638e-05
879	4.545186638e-05
880	4.545186638e-05
881	4.545186638e-05
882	4.545186638e-05
883	4.545186638e-05
884	4.545186638e-05
885	4.545186638e-05
886	4.545186638e-05
887	4.545186638e-05
888	4.545186638e-05
889	4.545186638e-05
890	4.545186638e-05
891	4.545186638e-05
892	4.545186638e-05
893	4.545186638e-05
894	4.545186638e-05
895	4.545186638e-05
896	4.545186638e-05
897	4.545186638e-05
898	4.545186638e-05
899	4.545186638e-05
900	4.545186638e-05
901	4.545186638e-05
902	4.545186638e-05
903	4.545186638e-05
904	4.545186638e-05
905	4.545186638e-05
906	4.545186638e-05
907	4.545186638e-05
908	4.545186638e-05
909	4.545186638e-05
910	4.545186638e-05
911	4.545186638e-05
912	4.545186638e-05
913	4.545186638e-05
914	4.545186638e-05
915	4.545186638e-05
916	4.545186638e-05
917	4.545186638e-05
918	4.545186638e-05
919	4.545186638e-05
920	4.545186638e-05
921	4.545186638e-05
922	4.545186638e-05
923	4.545186638e-05
924	4.545186638e-05
925	4.545186638e-05
926	4.545186638e-05
927	4.545186638e-05
928	4.545186638e-05
929	4.545186638e-05
930	4.545186638e-05
931	4.545186638e-05
932	4.545186638e-05
933	4.545186638e-05
934	4.545186638e-05
935	4.545186638e-05
936	4.545186638e-05
937	4.545186638e-05
938	4.545186638e-05
939	4.545186638e-05
940	4.545186638e-05
941	4.545186638e-05
942	4.545186638e-05
943	4.545186638e-05
944	4.545186638e-05
945	4.545186638e-05
946	4.545186638e-05
947	4.545186638e-05
948	4.545186638e-05
949	4.545186638e-05
950	4.545186638e-05
951	4.545186638e-05
952	4.545186638e-05
953	4.545186638e-05
954	4.545186638e-05
955	4.545186638e-05
956	4.545186638e-05
957	4.545186638e-05
958	4.545186638e-05
959	4.545186638e-05
960	4.545186638e-05
961	4.545186638e-05
962	4.545186638e-05
963	4.545186638e-05
964	4.545186638e-05
965	4.545186638e-05
966	4.545186638e-05
967	4.545186638e-05
968	4.545186638e-05
969	4.545186638e-05
970	4.545186638e-05
971	4.545186638e-05
972	4.545186638e-05
973	4.545186638e-05
974	4.545186638e-05
975	4.545186638e-05
976	4.545186638e-05
977	4.545186638e-05
978	4.545186638e-05
979	4.545186638e-05
980	4.545186638e-05
981	4.545186638e-05
982	4.545186638e-05
983	4.545186638e-05
984	4.545186638e-05
985	4.545186638e-05
986	4.545186638e-05
987	4.545186638e-05
988	4.545186638e-05
989	4.545186638e-05
990	4.545186638e-05
991	4.545186638e-05
992	4.545186638e-05
993	4.545186638e-05
994	4.545186638e-05
995	4.545186638e-05
996	4.545186638e-05
997	4.545186638e-05
998	4.545186638e-05
999	4.545186638e-05
